{
    "color": "#0080ff",
    "outline_enabled": true,
    "outline_thickness": 1.7052631578947368,
    "center_dot_enabled": true,
    "center_dot_size": 0.9278350515463918,
    "inner_lines_enabled": true,
    "inner_lines_length": 3.2,
    "inner_lines_thickness": 2.553684210526316,
    "inner_lines_offset": 6.652631578947369
}